{
    "name": "root",
    "gauges": {
        "Pou.Policy.Entropy.mean": {
            "value": 0.010671624913811684,
            "min": 0.010671624913811684,
            "max": 0.24063804745674133,
            "count": 27
        },
        "Pou.Policy.Entropy.sum": {
            "value": 105.41431427001953,
            "min": 105.41431427001953,
            "max": 2424.187744140625,
            "count": 27
        },
        "Pou.Step.mean": {
            "value": 269978.0,
            "min": 9975.0,
            "max": 269978.0,
            "count": 27
        },
        "Pou.Step.sum": {
            "value": 269978.0,
            "min": 9975.0,
            "max": 269978.0,
            "count": 27
        },
        "Pou.Policy.ExtrinsicValueEstimate.mean": {
            "value": 0.04270940274000168,
            "min": -5.5592942237854,
            "max": 0.052951060235500336,
            "count": 27
        },
        "Pou.Policy.ExtrinsicValueEstimate.sum": {
            "value": 11.061735153198242,
            "min": -911.7242431640625,
            "max": 13.290716171264648,
            "count": 27
        },
        "Pou.Losses.PolicyLoss.mean": {
            "value": 0.23739250301094142,
            "min": 0.23739250301094142,
            "max": 0.2510529480844036,
            "count": 27
        },
        "Pou.Losses.PolicyLoss.sum": {
            "value": 16.6174752107659,
            "min": 16.6174752107659,
            "max": 19.331077002499075,
            "count": 27
        },
        "Pou.Losses.ValueLoss.mean": {
            "value": 0.0011712075353341868,
            "min": 0.0011712075353341868,
            "max": 2.554791923527828,
            "count": 27
        },
        "Pou.Losses.ValueLoss.sum": {
            "value": 0.08198452747339308,
            "min": 0.08198452747339308,
            "max": 190.21144871970995,
            "count": 27
        },
        "Pou.Policy.LearningRate.mean": {
            "value": 0.00014096748158228572,
            "min": 0.00014096748158228572,
            "max": 0.0002968844545596423,
            "count": 27
        },
        "Pou.Policy.LearningRate.sum": {
            "value": 0.00986772371076,
            "min": 0.00986772371076,
            "max": 0.0210787962737346,
            "count": 27
        },
        "Pou.Policy.Epsilon.mean": {
            "value": 0.14698914285714287,
            "min": 0.14698914285714287,
            "max": 0.19896148450704226,
            "count": 27
        },
        "Pou.Policy.Epsilon.sum": {
            "value": 10.289240000000001,
            "min": 10.280804199999999,
            "max": 14.126265400000001,
            "count": 27
        },
        "Pou.Policy.Beta.mean": {
            "value": 0.0005,
            "min": 0.0005,
            "max": 0.0005000000000000001,
            "count": 27
        },
        "Pou.Policy.Beta.sum": {
            "value": 0.035,
            "min": 0.034,
            "max": 0.03950000000000001,
            "count": 27
        },
        "Pou.Environment.EpisodeLength.mean": {
            "value": 75.953125,
            "min": 75.953125,
            "max": 986.25,
            "count": 27
        },
        "Pou.Environment.EpisodeLength.sum": {
            "value": 9722.0,
            "min": 2435.0,
            "max": 24318.0,
            "count": 27
        },
        "Pou.Environment.CumulativeReward.mean": {
            "value": 0.013953488580016203,
            "min": -50.9894737040526,
            "max": 0.014843750221189111,
            "count": 27
        },
        "Pou.Environment.CumulativeReward.sum": {
            "value": 1.8000000268220901,
            "min": -1041.7000002413988,
            "max": 1.9000000283122063,
            "count": 27
        },
        "Pou.Policy.ExtrinsicReward.mean": {
            "value": 0.013953488580016203,
            "min": -50.9894737040526,
            "max": 0.014843750221189111,
            "count": 27
        },
        "Pou.Policy.ExtrinsicReward.sum": {
            "value": 1.8000000268220901,
            "min": -1041.7000002413988,
            "max": 1.9000000283122063,
            "count": 27
        },
        "Pou.IsTraining.mean": {
            "value": 1.0,
            "min": 1.0,
            "max": 1.0,
            "count": 27
        },
        "Pou.IsTraining.sum": {
            "value": 1.0,
            "min": 1.0,
            "max": 1.0,
            "count": 27
        }
    },
    "metadata": {
        "timer_format_version": "0.1.0",
        "start_time_seconds": "1677159990",
        "python_version": "3.9.2rc1 (tags/v3.9.2rc1:4064156, Feb 17 2021, 11:25:18) [MSC v.1928 64 bit (AMD64)]",
        "command_line_arguments": "C:\\Users\\david\\AppData\\Local\\Programs\\Python\\Python39\\Scripts\\mlagents-learn pou_config.yaml --run-id=Pou07",
        "mlagents_version": "0.30.0",
        "mlagents_envs_version": "0.30.0",
        "communication_protocol_version": "1.5.0",
        "pytorch_version": "1.13.1+cpu",
        "numpy_version": "1.21.2",
        "end_time_seconds": "1677160812"
    },
    "total": 821.5559713,
    "count": 1,
    "self": 0.012153399999988324,
    "children": {
        "run_training.setup": {
            "total": 0.1260441000000001,
            "count": 1,
            "self": 0.1260441000000001
        },
        "TrainerController.start_learning": {
            "total": 821.4177738000001,
            "count": 1,
            "self": 1.2988992999868287,
            "children": {
                "TrainerController._reset_env": {
                    "total": 6.5682367,
                    "count": 1,
                    "self": 6.5682367
                },
                "TrainerController.advance": {
                    "total": 813.3366287000133,
                    "count": 46501,
                    "self": 1.1114151000226684,
                    "children": {
                        "env_step": {
                            "total": 272.5841988999952,
                            "count": 46501,
                            "self": 209.08823039998424,
                            "children": {
                                "SubprocessEnvManager._take_step": {
                                    "total": 62.71571490001011,
                                    "count": 46501,
                                    "self": 3.3121725000130766,
                                    "children": {
                                        "TorchPolicy.evaluate": {
                                            "total": 59.403542399997036,
                                            "count": 46501,
                                            "self": 59.403542399997036
                                        }
                                    }
                                },
                                "workers": {
                                    "total": 0.7802536000008651,
                                    "count": 46501,
                                    "self": 0.0,
                                    "children": {
                                        "worker_root": {
                                            "total": 813.0520637999957,
                                            "count": 46501,
                                            "is_parallel": true,
                                            "self": 667.1616624999824,
                                            "children": {
                                                "steps_from_proto": {
                                                    "total": 0.0004107000000006522,
                                                    "count": 1,
                                                    "is_parallel": true,
                                                    "self": 0.00021930000000036642,