{
    "name": "root",
    "gauges": {
        "Pou.Policy.Entropy.mean": {
            "value": 0.21703682839870453,
            "min": 0.21703682839870453,
            "max": 0.360056072473526,
            "count": 10
        },
        "Pou.Policy.Entropy.sum": {
            "value": 10862.91015625,
            "min": 10862.91015625,
            "max": 18062.572265625,
            "count": 10
        },
        "Pou.Step.mean": {
            "value": 499960.0,
            "min": 49943.0,
            "max": 499960.0,
            "count": 10
        },
        "Pou.Step.sum": {
            "value": 499960.0,
            "min": 49943.0,
            "max": 499960.0,
            "count": 10
        },
        "Pou.Policy.ExtrinsicValueEstimate.mean": {
            "value": -4.044699192047119,
            "min": -4.044699192047119,
            "max": 3.8509817123413086,
            "count": 10
        },
        "Pou.Policy.ExtrinsicValueEstimate.sum": {
            "value": -3353.0556640625,
            "min": -3353.0556640625,
            "max": 3265.632568359375,
            "count": 10
        },
        "Pou.Environment.EpisodeLength.mean": {
            "value": 479.30392156862746,
            "min": 371.9389312977099,
            "max": 503.33,
            "count": 10
        },
        "Pou.Environment.EpisodeLength.sum": {
            "value": 48889.0,
            "min": 48724.0,
            "max": 50498.0,
            "count": 10
        },
        "Pou.Environment.CumulativeReward.mean": {
            "value": -23.01372550895401,
            "min": -24.98080811371105,
            "max": -18.226717581048266,
            "count": 10
        },
        "Pou.Environment.CumulativeReward.sum": {
            "value": -2347.400001913309,
            "min": -2482.2000014036894,
            "max": -2340.00000243634,
            "count": 10
        },
        "Pou.Policy.ExtrinsicReward.mean": {
            "value": -23.01372550895401,
            "min": -24.98080811371105,
            "max": -18.226717581048266,
            "count": 10
        },
        "Pou.Policy.ExtrinsicReward.sum": {
            "value": -2347.400001913309,
            "min": -2482.2000014036894,
            "max": -2340.00000243634,
            "count": 10
        },
        "Pou.Losses.PolicyLoss.mean": {
            "value": 0.02486708495610704,
            "min": 0.020816195667915358,
            "max": 0.027260945870851476,
            "count": 10
        },
        "Pou.Losses.PolicyLoss.sum": {
            "value": 0.12433542478053519,
            "min": 0.08326478267166143,
            "max": 0.1363047293542574,
            "count": 10
        },
        "Pou.Losses.ValueLoss.mean": {
            "value": 2.695001974105835,
            "min": 2.4980054338773092,
            "max": 5.26128621896108,
            "count": 10
        },
        "Pou.Losses.ValueLoss.sum": {
            "value": 13.475009870529176,
            "min": 10.546830268700917,
            "max": 21.04514487584432,
            "count": 10
        },
        "Pou.Policy.LearningRate.mean": {
            "value": 1.6483534505520005e-05,
            "min": 1.6483534505520005e-05,
            "max": 0.0002845752051416,
            "count": 10
        },
        "Pou.Policy.LearningRate.sum": {
            "value": 8.241767252760002e-05,
            "min": 8.241767252760002e-05,
            "max": 0.0012842418719193997,
            "count": 10
        },
        "Pou.Policy.Epsilon.mean": {
            "value": 0.10549448000000002,
            "min": 0.10549448000000002,
            "max": 0.19485840000000007,
            "count": 10
        },
        "Pou.Policy.Epsilon.sum": {
            "value": 0.5274724000000001,
            "min": 0.5000316,
            "max": 0.9280806000000004,
            "count": 10
        },
        "Pou.Policy.Beta.mean": {
            "value": 0.0002841745520000002,
            "min": 0.0002841745520000002,
            "max": 0.00474343416,
            "count": 10
        },
        "Pou.Policy.Beta.sum": {
            "value": 0.0014208727600000008,
            "min": 0.0014208727600000008,
            "max": 0.02141122194,
            "count": 10
        },
        "Pou.IsTraining.mean": {
            "value": 1.0,
            "min": 1.0,
            "max": 1.0,
            "count": 10
        },
        "Pou.IsTraining.sum": {
            "value": 1.0,
            "min": 1.0,
            "max": 1.0,
            "count": 10
        }
    },
    "metadata": {
        "timer_format_version": "0.1.0",
        "start_time_seconds": "1677179280",
        "python_version": "3.7.9 (tags/v3.7.9:13c94747c7, Aug 17 2020, 18:58:18) [MSC v.1900 64 bit (AMD64)]",
        "command_line_arguments": "C:\\Users\\IES SABADELL\\AppData\\Local\\Programs\\Python\\Python37\\Scripts\\mlagents-learn --run-id=Pou006 --initialize-from Pou005",
        "mlagents_version": "0.29.0",
        "mlagents_envs_version": "0.29.0",
        "communication_protocol_version": "1.5.0",
        "pytorch_version": "1.13.1+cpu",
        "numpy_version": "1.21.6",
        "end_time_seconds": "1677179682"
    },
    "total": 401.7068549,
    "count": 1,
    "self": 0.007881300000008196,
    "children": {
        "run_training.setup": {
            "total": 0.05496929999999989,
            "count": 1,
            "self": 0.05496929999999989
        },
        "TrainerController.start_learning": {
            "total": 401.6440043,
            "count": 1,
            "self": 1.3563413999935392,
            "children": {
                "TrainerController._reset_env": {
                    "total": 3.8944434,
                    "count": 1,
                    "self": 3.8944434
                },
                "TrainerController.advance": {
                    "total": 396.3516406000065,
                    "count": 74647,
                    "self": 1.3216839000156142,
                    "children": {
                        "env_step": {
                            "total": 280.4860924999974,
                            "count": 74647,
                            "self": 206.49134939999132,
                            "children": {
                                "SubprocessEnvManager._take_step": {
                                    "total": 73.19057369999882,
                                    "count": 74647,
                                    "self": 3.836353700004068,
                                    "children": {
                                        "TorchPolicy.evaluate": {
                                            "total": 69.35421999999475,
                                            "count": 74647,
                                            "self": 19.260716099996614,
                                            "children": {
                                                "TorchPolicy.sample_actions": {
                                                    "total": 50.09350389999814,
                                                    "count": 74647,
                                                    "self": 50.09350389999814
                                                }
                                            }
                                        }
                                    }
                                },
                                "workers": {
                                    "total": 0.8041694000072797,
                                    "count": 74647,
                                    "self": 0.0,
                                    "children": {
                                        "worker_root": {
                                            "total": 396.04916320000564,
                                            "count": 74647,
                                            "is_parallel": true,
                                            "self": 259.37203750000015,