{
    "name": "root",
    "gauges": {
        "Pou.Policy.Entropy.mean": {
            "value": 0.6483228206634521,
            "min": 0.5998661518096924,
            "max": 0.661811113357544,
            "count": 10
        },
        "Pou.Policy.Entropy.sum": {
            "value": 32382.427734375,
            "min": 29979.51171875,
            "max": 33079.3046875,
            "count": 10
        },
        "Pou.Step.mean": {
            "value": 499973.0,
            "min": 49982.0,
            "max": 499973.0,
            "count": 10
        },
        "Pou.Step.sum": {
            "value": 499973.0,
            "min": 49982.0,
            "max": 499973.0,
            "count": 10
        },
        "Pou.Policy.ExtrinsicValueEstimate.mean": {
            "value": -0.0011662477627396584,
            "min": -0.43559983372688293,
            "max": 10.261308670043945,
            "count": 10
        },
        "Pou.Policy.ExtrinsicValueEstimate.sum": {
            "value": -1.0846104621887207,
            "min": -420.3538513183594,
            "max": 9512.2333984375,
            "count": 10
        },
        "Pou.Environment.EpisodeLength.mean": {
            "value": 167.15824915824916,
            "min": 153.29012345679013,
            "max": 196.601593625498,
            "count": 10
        },
        "Pou.Environment.EpisodeLength.sum": {
            "value": 49646.0,
            "min": 49347.0,
            "max": 49889.0,
            "count": 10
        },
        "Pou.Environment.CumulativeReward.mean": {
            "value": -0.1569023540224692,
            "min": -3.5047808692037346,
            "max": 0.029545458880337803,
            "count": 10
        },
        "Pou.Environment.CumulativeReward.sum": {
            "value": -46.59999914467335,
            "min": -879.6999981701374,
            "max": 9.100001335144043,
            "count": 10
        },
        "Pou.Policy.ExtrinsicReward.mean": {
            "value": -0.1569023540224692,
            "min": -3.5047808692037346,
            "max": 0.029545458880337803,
            "count": 10
        },
        "Pou.Policy.ExtrinsicReward.sum": {
            "value": -46.59999914467335,
            "min": -879.6999981701374,
            "max": 9.100001335144043,
            "count": 10
        },
        "Pou.Losses.PolicyLoss.mean": {
            "value": 0.023309679538942873,
            "min": 0.021540779218776153,
            "max": 0.02719510516307006,
            "count": 10
        },
        "Pou.Losses.PolicyLoss.sum": {
            "value": 0.11654839769471437,
            "min": 0.08616311687510461,
            "max": 0.1359755258153503,
            "count": 10
        },
        "Pou.Losses.ValueLoss.mean": {
            "value": 0.11482432800034681,
            "min": 0.06426937053600948,
            "max": 7.3835849344730375,
            "count": 10
        },
        "Pou.Losses.ValueLoss.sum": {
            "value": 0.574121640001734,
            "min": 0.32134685268004737,
            "max": 29.53433973789215,
            "count": 10
        },
        "Pou.Policy.LearningRate.mean": {
            "value": 1.6448134517319995e-05,
            "min": 1.6448134517319995e-05,
            "max": 0.00028459050513649994,
            "count": 10
        },
        "Pou.Policy.LearningRate.sum": {
            "value": 8.224067258659998e-05,
            "min": 8.224067258659998e-05,
            "max": 0.0012842322719226,
            "count": 10
        },
        "Pou.Policy.Epsilon.mean": {
            "value": 0.10548268000000001,
            "min": 0.10548268000000001,
            "max": 0.19486350000000005,
            "count": 10
        },
        "Pou.Policy.Epsilon.sum": {
            "value": 0.5274134,
            "min": 0.5000432,
            "max": 0.9280774000000002,
            "count": 10
        },
        "Pou.Policy.Beta.mean": {
            "value": 0.000283585732,
            "min": 0.000283585732,
            "max": 0.004743688649999999,
            "count": 10
        },
        "Pou.Policy.Beta.sum": {
            "value": 0.00141792866,
            "min": 0.00141792866,
            "max": 0.02141106226,
            "count": 10
        },
        "Pou.IsTraining.mean": {
            "value": 1.0,
            "min": 1.0,
            "max": 1.0,
            "count": 10
        },
        "Pou.IsTraining.sum": {
            "value": 1.0,
            "min": 1.0,
            "max": 1.0,
            "count": 10
        }
    },
    "metadata": {
        "timer_format_version": "0.1.0",
        "start_time_seconds": "1677157704",
        "python_version": "3.9.2rc1 (tags/v3.9.2rc1:4064156, Feb 17 2021, 11:25:18) [MSC v.1928 64 bit (AMD64)]",
        "command_line_arguments": "C:\\Users\\david\\AppData\\Local\\Programs\\Python\\Python39\\Scripts\\mlagents-learn --run-id=Pou05",
        "mlagents_version": "0.30.0",
        "mlagents_envs_version": "0.30.0",
        "communication_protocol_version": "1.5.0",
        "pytorch_version": "1.13.1+cpu",
        "numpy_version": "1.21.2",
        "end_time_seconds": "1677158396"
    },
    "total": 691.7265484,
    "count": 1,
    "self": 0.010492899999917427,
    "children": {
        "run_training.setup": {
            "total": 0.04559559999999996,
            "count": 1,
            "self": 0.04559559999999996
        },
        "TrainerController.start_learning": {
            "total": 691.6704599000001,
            "count": 1,
            "self": 2.1300527000036027,
            "children": {
                "TrainerController._reset_env": {
                    "total": 5.3807594000000005,
                    "count": 1,
                    "self": 5.3807594000000005
                },
                "TrainerController.advance": {
                    "total": 684.0959779999965,
                    "count": 80455,
                    "self": 1.9021710000066605,
                    "children": {
                        "env_step": {
                            "total": 512.3327470000045,
                            "count": 80455,
                            "self": 404.5492061000171,
                            "children": {
                                "SubprocessEnvManager._take_step": {
                                    "total": 106.43847850000141,
                                    "count": 80456,
                                    "self": 5.524900299990904,
                                    "children": {
                                        "TorchPolicy.evaluate": {
                                            "total": 100.9135782000105,
                                            "count": 80453,
                                            "self": 100.9135782000105
                                        }
                                    }
                                },
                                "workers": {
                                    "total": 1.345062399985963,
                                    "count": 80455,
                                    "self": 0.0,
                                    "children": {
                                        "worker_root": {
                                            "total": 663.216580799986,
                                            "count": 80455,
                                            "is_parallel": true,
                                            "self": 386.8889137999807,
                                            "children": {
                                                "steps_from_proto": {
                                                    "total": 0.0009653000000016121,
                                                    "count": 2,
                                                    "is_parallel": true,
                                                    "self": 0.0005627999999990863,