{"count":1,"self":52.029030399999996,"total":458.58508709999995,"children":{"InitializeActuators":{"count":7,"self":0.00099669999999999989,"total":0.00099669999999999989,"children":null},"InitializeSensors":{"count":7,"self":0.0010021,"total":0.0010021,"children":null},"AgentSendState":{"count":80251,"self":0.70352779999999993,"total":3.9539939,"children":{"CollectObservations":{"count":500289,"self":1.0090432999999999,"total":1.0090432999999999,"children":null},"WriteActionMask":{"count":500289,"self":0.1265243,"total":0.1265243,"children":null},"RequestDecision":{"count":500289,"self":0.4946076,"total":2.1148985,"children":{"AgentInfo.ToProto":{"count":500289,"self":0.45026109999999997,"total":1.6202908999999999,"children":{"GenerateSensorData":{"count":500289,"self":1.1700298,"total":1.1700298,"children":null}}}}}}},"DecideAction":{"count":80251,"self":402.22832639999996,"total":402.2283321,"children":null},"AgentAct":{"count":80251,"self":0.34681829999999997,"total":0.34681829999999997,"children":null},"AgentInfo.ToProto":{"count":2938,"self":0.0089740999999999987,"total":0.0249128,"children":{"GenerateSensorData":{"count":2938,"self":0.0159387,"total":0.0159387,"children":null}}}},"gauges":{"Pou.CumulativeReward":{"count":2938,"max":-4.000001,"min":-29.6,"runningAverage":-6.606234,"value":-9.700001,"weightedAverage":-7.11002636}},"metadata":{"timer_format_version":"0.1.0","start_time_seconds":"1677084957","unity_version":"2021.3.4f1","command_line_arguments":"C:\/Program Files\/Unity 2021.3.4f1\/Editor\/Unity.exe -projectpath D:\\machine-learning-unity -useHub -hubIPC -cloudEnvironment production -licensingIpc LicenseClient-IES SABADELL -hubSessionId 7ce40030-b2c2-11ed-af59-e119ca064425 -accessToken VDdRIizHGtYuMQ1lRNDmJCxxo4UqdJJfYSwsWkbb6Co012f","communication_protocol_version":"1.5.0","com.unity.ml-agents_version":"2.0.1","scene_name":"Game","end_time_seconds":"1677085416"}}