{"count":1,"self":39.8315712,"total":368.7418585,"children":{"InitializeActuators":{"count":7,"self":0.0009971,"total":0.0009971,"children":null},"InitializeSensors":{"count":7,"self":0.0009968,"total":0.0009968,"children":null},"AgentSendState":{"count":71101,"self":0.5314303,"total":3.2293414,"children":{"CollectObservations":{"count":442049,"self":0.72047169999999994,"total":0.72047169999999994,"children":null},"WriteActionMask":{"count":442049,"self":0.10806879999999999,"total":0.10806879999999999,"children":null},"RequestDecision":{"count":442049,"self":0.45553,"total":1.8693705999999999,"children":{"AgentInfo.ToProto":{"count":442049,"self":0.42675599999999997,"total":1.4138406,"children":{"GenerateSensorData":{"count":442049,"self":0.9870846,"total":0.9870846,"children":null}}}}}}},"DecideAction":{"count":71101,"self":325.3993984,"total":325.3994058,"children":null},"AgentAct":{"count":71101,"self":0.2576464,"total":0.2576464,"children":null},"AgentInfo.ToProto":{"count":2658,"self":0.007970699999999999,"total":0.0219011,"children":{"GenerateSensorData":{"count":2658,"self":0.013930399999999999,"total":0.013930399999999999,"children":null}}}},"gauges":{"Pou.CumulativeReward":{"count":2658,"max":-8.000001,"min":-29.8,"runningAverage":-11.0587807,"value":-14.6,"weightedAverage":-12.3660212}},"metadata":{"timer_format_version":"0.1.0","start_time_seconds":"1677180585","unity_version":"2021.3.4f1","command_line_arguments":"C:\/Program Files\/Unity 2021.3.4f1\/Editor\/Unity.exe -projectpath D:\\machine-learning-unity -useHub -hubIPC -cloudEnvironment production -licensingIpc LicenseClient-IES SABADELL -hubSessionId a2284e90-b38b-11ed-9e81-81703431a8c3 -accessToken YrPIlsTFGKuEAoPdP3dWXc38BRNbcW5Bj_1YUrmIt5Q012f","communication_protocol_version":"1.5.0","com.unity.ml-agents_version":"2.0.1","scene_name":"Game","end_time_seconds":"1677180954"}}